Student name;Student id;Programme;Year;Graduated;Indvidual2;;;
Student 1;19970308-0000;10054;2017;FALSE;S_19970308-0000;;;
Student 2;19960213-0001;10011;2016;FALSE;S_19960213-0001;;;
Student 3;19960328-0002;10013;2019;FALSE;S_19960328-0002;;;
Student 4;19980905-0003;10012;2021;FALSE;S_19980905-0003;;;
Student 5;19970413-0004;10052;2017;FALSE;S_19970413-0004;;;
Student 6;19990816-0005;10021;2021;FALSE;S_19990816-0005;;;
Student 7;19990626-0006;10074;2020;FALSE;S_19990626-0006;;;
Student 8;19950304-0007;10071;2019;FALSE;S_19950304-0007;;;
Student 9;19991025-0008;10033;2018;FALSE;S_19991025-0008;;;
Student 10;19950606-0009;10042;2019;FALSE;S_19950606-0009;;;
Student 11;19951026-0010;10011;2021;FALSE;S_19951026-0010;;;
Student 12;19990305-0011;10041;2020;FALSE;S_19990305-0011;;;
Student 13;19970727-0012;10052;2020;FALSE;S_19970727-0012;;;
Student 14;19990219-0013;10012;2017;FALSE;S_19990219-0013;;;
Student 15;19970318-0014;10051;2016;FALSE;S_19970318-0014;;;
Student 16;19970109-0015;10021;2016;FALSE;S_19970109-0015;;;
Student 17;19950717-0016;10042;2016;FALSE;S_19950717-0016;;;
Student 18;19990705-0017;10053;2019;FALSE;S_19990705-0017;;;
Student 19;19971007-0018;10072;2018;FALSE;S_19971007-0018;;;
Student 20;19990124-0019;10041;2017;FALSE;S_19990124-0019;;;
Student 21;19990831-0020;10061;2016;FALSE;S_19990831-0020;;;
Student 22;19971122-0021;10054;2021;FALSE;S_19971122-0021;;;
Student 23;19980414-0022;10073;2016;FALSE;S_19980414-0022;;;
Student 24;19980609-0023;10042;2016;FALSE;S_19980609-0023;;;
Student 25;19980212-0024;10042;2016;FALSE;S_19980212-0024;;;
Student 26;19990805-0025;10051;2017;FALSE;S_19990805-0025;;;
Student 27;19970609-0026;10061;2016;FALSE;S_19970609-0026;;;
Student 28;19951123-0027;10073;2016;FALSE;S_19951123-0027;;;
Student 29;19960701-0028;10021;2019;FALSE;S_19960701-0028;;;
Student 30;19960220-0029;10061;2016;FALSE;S_19960220-0029;;;
Student 31;19990211-0030;10051;2021;FALSE;S_19990211-0030;;;
Student 32;19961018-0031;10041;2019;FALSE;S_19961018-0031;;;
Student 33;19960307-0032;10034;2018;FALSE;S_19960307-0032;;;
Student 34;19960822-0033;10014;2021;FALSE;S_19960822-0033;;;
Student 35;19961012-0034;10042;2021;FALSE;S_19961012-0034;;;
Student 36;19960610-0035;10032;2016;FALSE;S_19960610-0035;;;
Student 37;19990302-0036;10061;2020;FALSE;S_19990302-0036;;;
Student 38;19950801-0037;10072;2018;FALSE;S_19950801-0037;;;
Student 39;19960222-0038;10051;2021;FALSE;S_19960222-0038;;;
Student 40;19960828-0039;10031;2021;FALSE;S_19960828-0039;;;
Student 41;19960118-0040;10012;2020;FALSE;S_19960118-0040;;;
Student 42;19980206-0041;10012;2016;FALSE;S_19980206-0041;;;
Student 43;19991130-0042;10074;2018;FALSE;S_19991130-0042;;;
Student 44;19981023-0043;10041;2020;FALSE;S_19981023-0043;;;
Student 45;19950824-0044;10033;2019;FALSE;S_19950824-0044;;;
Student 46;19961220-0045;10012;2020;FALSE;S_19961220-0045;;;
Student 47;19950308-0046;10041;2018;FALSE;S_19950308-0046;;;
Student 48;19990824-0047;10071;2016;FALSE;S_19990824-0047;;;
Student 49;19970301-0048;10034;2018;FALSE;S_19970301-0048;;;
Student 50;19980102-0049;10014;2021;FALSE;S_19980102-0049;;;
Student 51;19970918-0050;10061;2021;FALSE;S_19970918-0050;;;
Student 52;19981214-0051;10072;2020;FALSE;S_19981214-0051;;;
Student 53;19970721-0052;10041;2019;FALSE;S_19970721-0052;;;
Student 54;19951006-0053;10071;2017;FALSE;S_19951006-0053;;;
Student 55;19990720-0054;10033;2016;FALSE;S_19990720-0054;;;
Student 56;19971008-0055;10032;2017;FALSE;S_19971008-0055;;;
Student 57;19980524-0056;10072;2020;FALSE;S_19980524-0056;;;
Student 58;19961122-0057;10013;2019;FALSE;S_19961122-0057;;;
Student 59;19950522-0058;10031;2021;FALSE;S_19950522-0058;;;
Student 60;19970711-0059;10034;2021;FALSE;S_19970711-0059;;;
Student 61;19950829-0060;10021;2016;FALSE;S_19950829-0060;;;
Student 62;19980221-0061;10054;2019;FALSE;S_19980221-0061;;;
Student 63;19960928-0062;10033;2021;FALSE;S_19960928-0062;;;
Student 64;19950319-0063;10053;2019;FALSE;S_19950319-0063;;;
Student 65;19970309-0064;10001;2021;FALSE;S_19970309-0064;;;
Student 66;19960315-0065;10073;2019;FALSE;S_19960315-0065;;;
Student 67;19980425-0066;10054;2018;FALSE;S_19980425-0066;;;
Student 68;19960924-0067;10021;2018;FALSE;S_19960924-0067;;;
Student 69;19951121-0068;10014;2019;FALSE;S_19951121-0068;;;
Student 70;19980719-0069;10061;2020;FALSE;S_19980719-0069;;;
Student 71;19950124-0070;10054;2018;FALSE;S_19950124-0070;;;
Student 72;19990301-0071;10042;2018;FALSE;S_19990301-0071;;;
Student 73;19990313-0072;10051;2016;FALSE;S_19990313-0072;;;
Student 74;19990702-0073;10041;2016;FALSE;S_19990702-0073;;;
Student 75;19950309-0074;10031;2018;FALSE;S_19950309-0074;;;
Student 76;19990711-0075;10012;2020;FALSE;S_19990711-0075;;;
Student 77;19961023-0076;10033;2021;FALSE;S_19961023-0076;;;
Student 78;19981204-0077;10001;2019;FALSE;S_19981204-0077;;;
Student 79;19960414-0078;10033;2016;FALSE;S_19960414-0078;;;
Student 80;19950404-0079;10033;2018;FALSE;S_19950404-0079;;;
Student 81;19950321-0080;10042;2018;FALSE;S_19950321-0080;;;
Student 82;19970428-0081;10054;2021;FALSE;S_19970428-0081;;;
Student 83;19980418-0082;10013;2016;FALSE;S_19980418-0082;;;
Student 84;19970820-0083;10041;2017;FALSE;S_19970820-0083;;;
Student 85;19950907-0084;10021;2020;FALSE;S_19950907-0084;;;
Student 86;19950703-0085;10061;2016;FALSE;S_19950703-0085;;;
Student 87;19961124-0086;10032;2021;FALSE;S_19961124-0086;;;
Student 88;19980805-0087;10071;2019;FALSE;S_19980805-0087;;;
Student 89;19970721-0088;10061;2017;FALSE;S_19970721-0088;;;
Student 90;19970904-0089;10011;2016;FALSE;S_19970904-0089;;;
Student 91;19960609-0090;10014;2018;FALSE;S_19960609-0090;;;
Student 92;19990918-0091;10073;2019;FALSE;S_19990918-0091;;;
Student 93;19980925-0092;10074;2017;FALSE;S_19980925-0092;;;
Student 94;19960227-0093;10071;2021;FALSE;S_19960227-0093;;;
Student 95;19990531-0094;10054;2017;FALSE;S_19990531-0094;;;
Student 96;19970408-0095;10011;2019;FALSE;S_19970408-0095;;;
Student 97;19990427-0096;10033;2019;FALSE;S_19990427-0096;;;
Student 98;19990518-0097;10074;2019;FALSE;S_19990518-0097;;;
Student 99;19960704-0098;10001;2016;FALSE;S_19960704-0098;;;
Student 100;19960621-0099;10014;2019;FALSE;S_19960621-0099;;;
Student 101;19980203-0100;10074;2016;FALSE;S_19980203-0100;;;
Student 102;19960101-0101;10034;2019;FALSE;S_19960101-0101;;;
Student 103;19950821-0102;10011;2019;FALSE;S_19950821-0102;;;
Student 104;19970806-0103;10032;2020;FALSE;S_19970806-0103;;;
Student 105;19960123-0104;10061;2021;FALSE;S_19960123-0104;;;
Student 106;19970630-0105;10041;2020;FALSE;S_19970630-0105;;;
Student 107;19950316-0106;10042;2019;FALSE;S_19950316-0106;;;
Student 108;19981226-0107;10032;2017;FALSE;S_19981226-0107;;;
Student 109;19960818-0108;10054;2021;FALSE;S_19960818-0108;;;
Student 110;19970805-0109;10042;2016;FALSE;S_19970805-0109;;;
Student 111;19960118-0110;10072;2019;FALSE;S_19960118-0110;;;
Student 112;19950511-0111;10021;2017;FALSE;S_19950511-0111;;;
Student 113;19990530-0112;10073;2021;FALSE;S_19990530-0112;;;
Student 114;19961117-0113;10001;2020;FALSE;S_19961117-0113;;;
Student 115;19981221-0114;10013;2017;FALSE;S_19981221-0114;;;
Student 116;19950924-0115;10053;2019;FALSE;S_19950924-0115;;;
Student 117;19970112-0116;10072;2021;FALSE;S_19970112-0116;;;
Student 118;19960911-0117;10012;2019;FALSE;S_19960911-0117;;;
Student 119;19970925-0118;10013;2018;FALSE;S_19970925-0118;;;
Student 120;19961108-0119;10041;2020;FALSE;S_19961108-0119;;;
Student 121;19960829-0120;10054;2019;FALSE;S_19960829-0120;;;
Student 122;19990317-0121;10033;2021;FALSE;S_19990317-0121;;;
Student 123;19990521-0122;10073;2017;FALSE;S_19990521-0122;;;
Student 124;19950709-0123;10013;2021;FALSE;S_19950709-0123;;;
Student 125;19950214-0124;10074;2020;FALSE;S_19950214-0124;;;
Student 126;19950817-0125;10054;2018;FALSE;S_19950817-0125;;;
Student 127;19990405-0126;10054;2020;FALSE;S_19990405-0126;;;
Student 128;19970422-0127;10014;2018;FALSE;S_19970422-0127;;;
Student 129;19950225-0128;10033;2016;FALSE;S_19950225-0128;;;
Student 130;19980410-0129;10054;2016;FALSE;S_19980410-0129;;;
Student 131;19980617-0130;10033;2019;FALSE;S_19980617-0130;;;
Student 132;19970117-0131;10011;2020;FALSE;S_19970117-0131;;;
Student 133;19950225-0132;10012;2019;FALSE;S_19950225-0132;;;
Student 134;19961005-0133;10031;2016;FALSE;S_19961005-0133;;;
Student 135;19960809-0134;10001;2017;FALSE;S_19960809-0134;;;
Student 136;19990713-0135;10012;2019;FALSE;S_19990713-0135;;;
Student 137;19990626-0136;10074;2018;FALSE;S_19990626-0136;;;
Student 138;19980203-0137;10014;2016;FALSE;S_19980203-0137;;;
Student 139;19980720-0138;10042;2016;FALSE;S_19980720-0138;;;
Student 140;19951130-0139;10073;2018;FALSE;S_19951130-0139;;;
Student 141;19950317-0140;10013;2018;FALSE;S_19950317-0140;;;
Student 142;19980421-0141;10032;2016;FALSE;S_19980421-0141;;;
Student 143;19960406-0142;10072;2020;FALSE;S_19960406-0142;;;
Student 144;19950604-0143;10072;2021;FALSE;S_19950604-0143;;;
Student 145;19971113-0144;10071;2017;FALSE;S_19971113-0144;;;
Student 146;19980928-0145;10071;2021;FALSE;S_19980928-0145;;;
Student 147;19970619-0146;10072;2018;FALSE;S_19970619-0146;;;
Student 148;19980920-0147;10013;2019;FALSE;S_19980920-0147;;;
Student 149;19950818-0148;10061;2021;FALSE;S_19950818-0148;;;
Student 150;19980804-0149;10041;2019;FALSE;S_19980804-0149;;;
Student 151;19950331-0150;10073;2019;FALSE;S_19950331-0150;;;
Student 152;19960607-0151;10052;2019;FALSE;S_19960607-0151;;;
Student 153;19961024-0152;10072;2018;FALSE;S_19961024-0152;;;
Student 154;19961222-0153;10074;2017;FALSE;S_19961222-0153;;;
Student 155;19990226-0154;10052;2017;FALSE;S_19990226-0154;;;
Student 156;19980329-0155;10054;2017;FALSE;S_19980329-0155;;;
Student 157;19990116-0156;10074;2020;FALSE;S_19990116-0156;;;
Student 158;19980709-0157;10021;2018;FALSE;S_19980709-0157;;;
Student 159;19970510-0158;10033;2016;FALSE;S_19970510-0158;;;
Student 160;19951130-0159;10034;2020;FALSE;S_19951130-0159;;;
Student 161;19960901-0160;10012;2019;FALSE;S_19960901-0160;;;
Student 162;19960912-0161;10014;2018;FALSE;S_19960912-0161;;;
Student 163;19971106-0162;10042;2021;FALSE;S_19971106-0162;;;
Student 164;19990518-0163;10061;2017;FALSE;S_19990518-0163;;;
Student 165;19960523-0164;10034;2016;FALSE;S_19960523-0164;;;
Student 166;19980712-0165;10012;2021;FALSE;S_19980712-0165;;;
Student 167;19970524-0166;10032;2019;FALSE;S_19970524-0166;;;
Student 168;19990307-0167;10032;2021;FALSE;S_19990307-0167;;;
Student 169;19960221-0168;10054;2017;FALSE;S_19960221-0168;;;
Student 170;19970404-0169;10014;2021;FALSE;S_19970404-0169;;;
Student 171;19970318-0170;10031;2016;FALSE;S_19970318-0170;;;
Student 172;19950925-0171;10052;2017;FALSE;S_19950925-0171;;;
Student 173;19950427-0172;10073;2018;FALSE;S_19950427-0172;;;
Student 174;19970118-0173;10014;2020;FALSE;S_19970118-0173;;;
Student 175;19990708-0174;10072;2017;FALSE;S_19990708-0174;;;
Student 176;19960216-0175;10031;2020;FALSE;S_19960216-0175;;;
Student 177;19950913-0176;10052;2019;FALSE;S_19950913-0176;;;
Student 178;19970822-0177;10011;2021;FALSE;S_19970822-0177;;;
Student 179;19960224-0178;10074;2021;FALSE;S_19960224-0178;;;
Student 180;19950831-0179;10053;2016;FALSE;S_19950831-0179;;;
Student 181;19961009-0180;10071;2021;FALSE;S_19961009-0180;;;
Student 182;19950912-0181;10073;2016;FALSE;S_19950912-0181;;;
Student 183;19980926-0182;10041;2021;FALSE;S_19980926-0182;;;
Student 184;19950707-0183;10042;2020;FALSE;S_19950707-0183;;;
Student 185;19980628-0184;10041;2019;FALSE;S_19980628-0184;;;
Student 186;19950212-0185;10042;2016;FALSE;S_19950212-0185;;;
Student 187;19970907-0186;10071;2018;FALSE;S_19970907-0186;;;
Student 188;19980219-0187;10014;2017;FALSE;S_19980219-0187;;;
Student 189;19970601-0188;10041;2020;FALSE;S_19970601-0188;;;
Student 190;19980928-0189;10013;2018;FALSE;S_19980928-0189;;;
Student 191;19980617-0190;10072;2020;FALSE;S_19980617-0190;;;
Student 192;19990709-0191;10041;2017;FALSE;S_19990709-0191;;;
Student 193;19990624-0192;10052;2019;FALSE;S_19990624-0192;;;
Student 194;19951001-0193;10013;2016;FALSE;S_19951001-0193;;;
Student 195;19980906-0194;10041;2019;FALSE;S_19980906-0194;;;
Student 196;19980824-0195;10011;2018;FALSE;S_19980824-0195;;;
Student 197;19970416-0196;10033;2018;FALSE;S_19970416-0196;;;
Student 198;19970121-0197;10021;2021;FALSE;S_19970121-0197;;;
Student 199;19981018-0198;10042;2019;FALSE;S_19981018-0198;;;
Student 200;19990323-0199;10012;2017;FALSE;S_19990323-0199;;;
Student 1;19891205-0000;10012;2010;TRUE;S_19891205-0000;;;
Student 2;19880117-0001;10021;2010;TRUE;S_19880117-0001;;;
Student 3;19860309-0002;10021;2014;TRUE;S_19860309-0002;;;
Student 4;19850305-0003;10032;2015;TRUE;S_19850305-0003;;;
Student 5;19860211-0004;10042;2012;TRUE;S_19860211-0004;;;
Student 6;19880122-0005;10053;2014;TRUE;S_19880122-0005;;;
Student 7;19850603-0006;10041;2013;TRUE;S_19850603-0006;;;
Student 8;19860222-0007;10054;2014;TRUE;S_19860222-0007;;;
Student 9;19860330-0008;10012;2010;TRUE;S_19860330-0008;;;
Student 10;19861018-0009;10074;2012;TRUE;S_19861018-0009;;;
Student 11;19860829-0010;10074;2013;TRUE;S_19860829-0010;;;
Student 12;19850527-0011;10013;2012;TRUE;S_19850527-0011;;;
Student 13;19891217-0012;10051;2014;TRUE;S_19891217-0012;;;
Student 14;19870613-0013;10051;2010;TRUE;S_19870613-0013;;;
Student 15;19861017-0014;10011;2012;TRUE;S_19861017-0014;;;
Student 16;19860125-0015;10042;2011;TRUE;S_19860125-0015;;;
Student 17;19871102-0016;10014;2011;TRUE;S_19871102-0016;;;
Student 18;19870714-0017;10013;2012;TRUE;S_19870714-0017;;;
Student 19;19850426-0018;10071;2012;TRUE;S_19850426-0018;;;
Student 20;19870816-0019;10071;2011;TRUE;S_19870816-0019;;;
Student 21;19880404-0020;10074;2014;TRUE;S_19880404-0020;;;
Student 22;19860729-0021;10011;2010;TRUE;S_19860729-0021;;;
Student 23;19850205-0022;10053;2011;TRUE;S_19850205-0022;;;
Student 24;19891130-0023;10072;2014;TRUE;S_19891130-0023;;;
Student 25;19860208-0024;10073;2011;TRUE;S_19860208-0024;;;
Student 26;19851213-0025;10071;2014;TRUE;S_19851213-0025;;;
Student 27;19870624-0026;10072;2010;TRUE;S_19870624-0026;;;
Student 28;19870406-0027;10052;2011;TRUE;S_19870406-0027;;;
Student 29;19870512-0028;10052;2013;TRUE;S_19870512-0028;;;
Student 30;19890225-0029;10021;2010;TRUE;S_19890225-0029;;;
Student 31;19880205-0030;10042;2011;TRUE;S_19880205-0030;;;
Student 32;19870215-0031;10073;2015;TRUE;S_19870215-0031;;;
Student 33;19890513-0032;10021;2011;TRUE;S_19890513-0032;;;
Student 34;19881204-0033;10041;2014;TRUE;S_19881204-0033;;;
Student 35;19890416-0034;10051;2015;TRUE;S_19890416-0034;;;
Student 36;19891011-0035;10052;2013;TRUE;S_19891011-0035;;;
Student 37;19890927-0036;10051;2014;TRUE;S_19890927-0036;;;
Student 38;19870422-0037;10032;2013;TRUE;S_19870422-0037;;;
Student 39;19871023-0038;10034;2010;TRUE;S_19871023-0038;;;
Student 40;19881020-0039;10012;2015;TRUE;S_19881020-0039;;;
Student 41;19881216-0040;10014;2015;TRUE;S_19881216-0040;;;
Student 42;19870720-0041;10042;2015;TRUE;S_19870720-0041;;;
Student 43;19870421-0042;10033;2011;TRUE;S_19870421-0042;;;
Student 44;19880818-0043;10073;2012;TRUE;S_19880818-0043;;;
Student 45;19870414-0044;10011;2010;TRUE;S_19870414-0044;;;
Student 46;19880204-0045;10011;2014;TRUE;S_19880204-0045;;;
Student 47;19880807-0046;10041;2012;TRUE;S_19880807-0046;;;
Student 48;19890219-0047;10034;2013;TRUE;S_19890219-0047;;;
Student 49;19870412-0048;10012;2013;TRUE;S_19870412-0048;;;
Student 50;19860119-0049;10001;2014;TRUE;S_19860119-0049;;;
Student 51;19880522-0050;10012;2015;TRUE;S_19880522-0050;;;
Student 52;19851109-0051;10034;2013;TRUE;S_19851109-0051;;;
Student 53;19890611-0052;10031;2014;TRUE;S_19890611-0052;;;
Student 54;19860118-0053;10073;2010;TRUE;S_19860118-0053;;;
Student 55;19850504-0054;10053;2011;TRUE;S_19850504-0054;;;
Student 56;19890302-0055;10032;2010;TRUE;S_19890302-0055;;;
Student 57;19870427-0056;10073;2013;TRUE;S_19870427-0056;;;
Student 58;19861117-0057;10073;2014;TRUE;S_19861117-0057;;;
Student 59;19891109-0058;10041;2013;TRUE;S_19891109-0058;;;
Student 60;19890705-0059;10053;2015;TRUE;S_19890705-0059;;;
Student 61;19891221-0060;10033;2010;TRUE;S_19891221-0060;;;
Student 62;19860128-0061;10033;2014;TRUE;S_19860128-0061;;;
Student 63;19850704-0062;10021;2014;TRUE;S_19850704-0062;;;
Student 64;19860412-0063;10031;2012;TRUE;S_19860412-0063;;;
Student 65;19870918-0064;10042;2012;TRUE;S_19870918-0064;;;
Student 66;19880307-0065;10072;2015;TRUE;S_19880307-0065;;;
Student 67;19861216-0066;10031;2015;TRUE;S_19861216-0066;;;
Student 68;19850124-0067;10052;2015;TRUE;S_19850124-0067;;;
Student 69;19880118-0068;10051;2014;TRUE;S_19880118-0068;;;
Student 70;19870727-0069;10014;2013;TRUE;S_19870727-0069;;;
Student 71;19851126-0070;10032;2015;TRUE;S_19851126-0070;;;
Student 72;19861011-0071;10011;2010;TRUE;S_19861011-0071;;;
Student 73;19850522-0072;10001;2014;TRUE;S_19850522-0072;;;
Student 74;19871111-0073;10012;2010;TRUE;S_19871111-0073;;;
Student 75;19861115-0074;10073;2013;TRUE;S_19861115-0074;;;
Student 76;19890303-0075;10034;2010;TRUE;S_19890303-0075;;;
Student 77;19890622-0076;10021;2014;TRUE;S_19890622-0076;;;
Student 78;19850206-0077;10061;2014;TRUE;S_19850206-0077;;;
Student 79;19860516-0078;10071;2012;TRUE;S_19860516-0078;;;
Student 80;19891104-0079;10014;2012;TRUE;S_19891104-0079;;;
Student 81;19870128-0080;10021;2012;TRUE;S_19870128-0080;;;
Student 82;19850709-0081;10074;2011;TRUE;S_19850709-0081;;;
Student 83;19870507-0082;10012;2013;TRUE;S_19870507-0082;;;
Student 84;19870308-0083;10032;2014;TRUE;S_19870308-0083;;;
Student 85;19851112-0084;10053;2015;TRUE;S_19851112-0084;;;
Student 86;19861015-0085;10073;2013;TRUE;S_19861015-0085;;;
Student 87;19870304-0086;10071;2012;TRUE;S_19870304-0086;;;
Student 88;19870901-0087;10051;2011;TRUE;S_19870901-0087;;;
Student 89;19870813-0088;10042;2012;TRUE;S_19870813-0088;;;
Student 90;19871013-0089;10032;2013;TRUE;S_19871013-0089;;;
Student 91;19881120-0090;10072;2014;TRUE;S_19881120-0090;;;
Student 92;19870209-0091;10071;2014;TRUE;S_19870209-0091;;;
Student 93;19870921-0092;10051;2012;TRUE;S_19870921-0092;;;
Student 94;19890202-0093;10014;2014;TRUE;S_19890202-0093;;;
Student 95;19890106-0094;10011;2010;TRUE;S_19890106-0094;;;
Student 96;19870418-0095;10031;2011;TRUE;S_19870418-0095;;;
Student 97;19870304-0096;10011;2010;TRUE;S_19870304-0096;;;
Student 98;19860321-0097;10041;2015;TRUE;S_19860321-0097;;;
Student 99;19871019-0098;10071;2010;TRUE;S_19871019-0098;;;
Student 100;19871128-0099;10074;2012;TRUE;S_19871128-0099;;;
TA 31;19781125-0031;10052;2005;TRUE;S_19781125-0031;;;
TA 32;19750906-0032;10052;2000;TRUE;S_19750906-0032;;;
TA 33;19750705-0033;10014;2005;TRUE;S_19750705-0033;;;
TA 34;19761024-0034;10053;2000;TRUE;S_19761024-0034;;;
TA 35;19780602-0035;10053;2008;TRUE;S_19780602-0035;;;
TA 36;19750331-0036;10021;2004;TRUE;S_19750331-0036;;;
TA 37;19750220-0037;10041;2008;TRUE;S_19750220-0037;;;
TA 38;19790702-0038;10011;2014;TRUE;S_19790702-0038;;;
TA 39;19751018-0039;10061;2009;TRUE;S_19751018-0039;;;
TA 40;19771013-0040;10061;2005;TRUE;S_19771013-0040;;;
TA 41;19790708-0041;10021;2011;TRUE;S_19790708-0041;;;
TA 42;19770713-0042;10014;2005;TRUE;S_19770713-0042;;;
TA 43;19750512-0043;10074;2010;TRUE;S_19750512-0043;;;
TA 44;19761020-0044;10042;2008;TRUE;S_19761020-0044;;;
TA 45;19790717-0045;10053;2012;TRUE;S_19790717-0045;;;
TA 46;19760524-0046;10033;2005;TRUE;S_19760524-0046;;;
TA 47;19780815-0047;10061;2013;TRUE;S_19780815-0047;;;
TA 48;19790618-0048;10053;2002;TRUE;S_19790618-0048;;;
TA 49;19790426-0049;10034;2013;TRUE;S_19790426-0049;;;
TA 50;19760108-0050;10034;2005;TRUE;S_19760108-0050;;;
TA 51;19750417-0051;10053;2000;TRUE;S_19750417-0051;;;
TA 52;19780317-0052;10041;2013;TRUE;S_19780317-0052;;;
TA 53;19781217-0053;10052;2000;TRUE;S_19781217-0053;;;
TA 54;19781130-0054;10034;2014;TRUE;S_19781130-0054;;;
TA 55;19761009-0055;10011;2012;TRUE;S_19761009-0055;;;
TA 56;19750122-0056;10033;2012;TRUE;S_19750122-0056;;;
TA 57;19780424-0057;10041;2003;TRUE;S_19780424-0057;;;
TA 58;19770224-0058;10014;2013;TRUE;S_19770224-0058;;;
TA 59;19750102-0059;10041;2004;TRUE;S_19750102-0059;;;
TA 60;19750722-0060;10031;2000;TRUE;S_19750722-0060;;;
TA 61;19930508-0061;10051;2021;FALSE;S_19930508-0061;;;
TA 62;19931118-0062;10012;2016;FALSE;S_19931118-0062;;;
TA 63;19900520-0063;10074;2020;FALSE;S_19900520-0063;;;
TA 64;19900124-0064;10011;2016;FALSE;S_19900124-0064;;;
TA 65;19920122-0065;10021;2016;FALSE;S_19920122-0065;;;
TA 66;19931203-0066;10053;2016;FALSE;S_19931203-0066;;;
TA 67;19910421-0067;10032;2021;FALSE;S_19910421-0067;;;
TA 68;19910514-0068;10074;2017;FALSE;S_19910514-0068;;;
TA 69;19911116-0069;10042;2021;FALSE;S_19911116-0069;;;
TA 70;19920828-0070;10042;2019;FALSE;S_19920828-0070;;;
TA 71;19901029-0071;10033;2017;FALSE;S_19901029-0071;;;
TA 72;19920206-0072;10034;2018;FALSE;S_19920206-0072;;;
TA 73;19920602-0073;10041;2020;FALSE;S_19920602-0073;;;
TA 74;19900201-0074;10011;2016;FALSE;S_19900201-0074;;;
TA 75;19920226-0075;10021;2016;FALSE;S_19920226-0075;;;
TA 76;19900619-0076;10053;2016;FALSE;S_19900619-0076;;;
TA 77;19910122-0077;10052;2017;FALSE;S_19910122-0077;;;
TA 78;19910820-0078;10021;2017;FALSE;S_19910820-0078;;;
TA 79;19931212-0079;10042;2016;FALSE;S_19931212-0079;;;
TA 80;19900321-0080;10013;2020;FALSE;S_19900321-0080;;;
TA 81;19910206-0081;10014;2016;FALSE;S_19910206-0081;;;
TA 82;19930829-0082;10011;2017;FALSE;S_19930829-0082;;;
TA 83;19900317-0083;10054;2017;FALSE;S_19900317-0083;;;
TA 84;19910214-0084;10031;2021;FALSE;S_19910214-0084;;;
TA 85;19901002-0085;10031;2017;FALSE;S_19901002-0085;;;
TA 86;19930228-0086;10011;2016;FALSE;S_19930228-0086;;;
TA 87;19901108-0087;10051;2020;FALSE;S_19901108-0087;;;
TA 88;19920826-0088;10034;2021;FALSE;S_19920826-0088;;;
TA 89;19900426-0089;10053;2021;FALSE;S_19900426-0089;;;
TA 90;19900902-0090;10071;2021;FALSE;S_19900902-0090;;;
TA 91;19911025-0091;10051;2016;FALSE;S_19911025-0091;;;
TA 92;19910817-0092;10053;2019;FALSE;S_19910817-0092;;;
TA 93;19920504-0093;10014;2019;FALSE;S_19920504-0093;;;
TA 94;19921201-0094;10012;2019;FALSE;S_19921201-0094;;;
TA 95;19900128-0095;10031;2018;FALSE;S_19900128-0095;;;
TA 96;19910327-0096;10013;2021;FALSE;S_19910327-0096;;;
TA 97;19921208-0097;10071;2020;FALSE;S_19921208-0097;;;
TA 98;19920217-0098;10072;2020;FALSE;S_19920217-0098;;;
TA 99;19931231-0099;10053;2017;FALSE;S_19931231-0099;;;
TA 100;19930709-0100;10052;2021;FALSE;S_19930709-0100;;;
TA 101;19921218-0101;10053;2020;FALSE;S_19921218-0101;;;
TA 102;19910404-0102;10051;2019;FALSE;S_19910404-0102;;;
TA 103;19910403-0103;10042;2017;FALSE;S_19910403-0103;;;
TA 104;19900119-0104;10061;2021;FALSE;S_19900119-0104;;;
TA 105;19900307-0105;10032;2020;FALSE;S_19900307-0105;;;
TA 106;19930414-0106;10072;2018;FALSE;S_19930414-0106;;;
TA 107;19920316-0107;10041;2017;FALSE;S_19920316-0107;;;
TA 108;19921123-0108;10073;2016;FALSE;S_19921123-0108;;;
TA 109;19920917-0109;10033;2018;FALSE;S_19920917-0109;;;
TA 110;19930906-0110;10052;2016;FALSE;S_19930906-0110;;;
TA 111;19901026-0111;10051;2016;FALSE;S_19901026-0111;;;
TA 112;19900430-0112;10071;2016;FALSE;S_19900430-0112;;;
TA 113;19900701-0113;10033;2021;FALSE;S_19900701-0113;;;
TA 114;19900902-0114;10014;2020;FALSE;S_19900902-0114;;;
TA 115;19920505-0115;10032;2016;FALSE;S_19920505-0115;;;
TA 116;19900818-0116;10073;2019;FALSE;S_19900818-0116;;;
TA 117;19930512-0117;10052;2018;FALSE;S_19930512-0117;;;
TA 118;19931226-0118;10031;2020;FALSE;S_19931226-0118;;;
TA 119;19901011-0119;10074;2017;FALSE;S_19901011-0119;;;
TA 120;19921127-0120;10053;2016;FALSE;S_19921127-0120;;;
TA 121;19920320-0121;10013;2016;FALSE;S_19920320-0121;;;
TA 122;19910822-0122;10042;2020;FALSE;S_19910822-0122;;;
TA 123;19900909-0123;10012;2016;FALSE;S_19900909-0123;;;
TA 124;19900616-0124;10001;2017;FALSE;S_19900616-0124;;;
TA 125;19901219-0125;10014;2017;FALSE;S_19901219-0125;;;
TA 126;19900723-0126;10061;2021;FALSE;S_19900723-0126;;;
TA 127;19930616-0127;10041;2016;FALSE;S_19930616-0127;;;
TA 128;19910927-0128;10041;2021;FALSE;S_19910927-0128;;;
TA 129;19921002-0129;10031;2020;FALSE;S_19921002-0129;;;
TA 130;19900801-0130;10014;2018;FALSE;S_19900801-0130;;;
TA 131;19910403-0131;10052;2021;FALSE;S_19910403-0131;;;
TA 132;19930326-0132;10042;2017;FALSE;S_19930326-0132;;;
TA 133;19910101-0133;10014;2016;FALSE;S_19910101-0133;;;
TA 134;19900511-0134;10034;2016;FALSE;S_19900511-0134;;;
TA 135;19930302-0135;10031;2019;FALSE;S_19930302-0135;;;
TA 136;19910921-0136;10072;2020;FALSE;S_19910921-0136;;;
TA 137;19930919-0137;10001;2020;FALSE;S_19930919-0137;;;
TA 138;19900701-0138;10034;2019;FALSE;S_19900701-0138;;;
TA 139;19930221-0139;10052;2021;FALSE;S_19930221-0139;;;
TA 140;19900211-0140;10031;2018;FALSE;S_19900211-0140;;;
